[
  {
    "id": "b8871325-bec9-4a79-82d4-39ae16b6902b",
    "data": [
      {
        "text": "Add message to board",
        "userDefined": false
      }
    ],
    "isTemplate": false,
    "count": 0
  },
  {
    "id": "dab69365-be8b-49b7-b2d7-7bf602053e13",
    "data": [
      {
        "text": "Add message",
        "userDefined": false
      }
    ],
    "isTemplate": false,
    "count": 0,
    "updated": 1516453071
  },
  {
    "id": "9f90db0f-1007-49e9-826c-71c905a82942",
    "data": [
      {
        "text": "Add",
        "userDefined": false
      }
    ],
    "isTemplate": false,
    "count": 0,
    "updated": 1516453071
  }
]