[
  {
    "id": "d338e3e9-11ca-41d1-bd82-29cd4ee91406",
    "data": [
      {
        "text": "my message is ",
        "userDefined": false
      },
      {
        "text": "message",
        "alias": "task",
        "meta": "@sys.any",
        "userDefined": true
      }
    ],
    "isTemplate": false,
    "count": 0
  },
  {
    "id": "526a341c-b880-490d-a8f5-9ae2f7ee80c3",
    "data": [
      {
        "text": "message",
        "alias": "task",
        "meta": "@sys.any",
        "userDefined": true
      }
    ],
    "isTemplate": false,
    "count": 0
  }
]