[
  {
    "id": "f32180b6-a342-47ad-9a0d-7c55a14da381",
    "data": [
      {
        "text": "What does this do?",
        "userDefined": false
      }
    ],
    "isTemplate": false,
    "count": 0,
    "updated": 1516492216
  },
  {
    "id": "eb659568-65a9-4f92-819a-64a585a349c0",
    "data": [
      {
        "text": "What are the commands?",
        "userDefined": false
      }
    ],
    "isTemplate": false,
    "count": 0,
    "updated": 1516492216
  },
  {
    "id": "7f827f01-3a11-4a8a-9bb3-c98635678bca",
    "data": [
      {
        "text": "How do I use this?",
        "userDefined": false
      }
    ],
    "isTemplate": false,
    "count": 0,
    "updated": 1516492216
  },
  {
    "id": "95df2a49-fcf7-45ff-939d-b283dbda0883",
    "data": [
      {
        "text": "I need help",
        "userDefined": false
      }
    ],
    "isTemplate": false,
    "count": 0,
    "updated": 1516492216
  },
  {
    "id": "89cbf82b-b84a-4dbc-a119-81570df85dd3",
    "data": [
      {
        "text": "Help",
        "userDefined": false
      }
    ],
    "isTemplate": false,
    "count": 0,
    "updated": 1516492216
  }
]