[
  {
    "id": "64933a49-12bc-4e54-a721-bb67e96f291b",
    "data": [
      {
        "text": "Read unread messages",
        "userDefined": false
      }
    ],
    "isTemplate": false,
    "count": 0
  },
  {
    "id": "dfe48e82-f957-4e28-a514-3ad9d4b108f2",
    "data": [
      {
        "text": "Read all unread messages",
        "userDefined": false
      }
    ],
    "isTemplate": false,
    "count": 0
  },
  {
    "id": "4747afa1-5461-41dd-9e8e-49b7345c42fa",
    "data": [
      {
        "text": "List messages",
        "userDefined": false
      }
    ],
    "isTemplate": false,
    "count": 0
  },
  {
    "id": "f711ac1a-0151-4cbc-90a6-ed153f8a13c8",
    "data": [
      {
        "text": "Read messages",
        "userDefined": false
      }
    ],
    "isTemplate": false,
    "count": 0
  },
  {
    "id": "1450f21e-4082-481b-bff4-cf992d15e620",
    "data": [
      {
        "text": "Play all unread messages",
        "userDefined": false
      }
    ],
    "isTemplate": false,
    "count": 0
  },
  {
    "id": "dbbd4957-38da-4ff0-a4a9-8191bccfbea5",
    "data": [
      {
        "text": "Play unread messages",
        "userDefined": false
      }
    ],
    "isTemplate": false,
    "count": 0
  },
  {
    "id": "84bbaef5-3d71-497d-9b96-5e04b2883726",
    "data": [
      {
        "text": "Show unread messages",
        "userDefined": false
      }
    ],
    "isTemplate": false,
    "count": 0,
    "updated": 1516484000
  },
  {
    "id": "d21c3214-8b12-4311-b093-828488196fc2",
    "data": [
      {
        "text": "List all unread messages",
        "userDefined": false
      }
    ],
    "isTemplate": false,
    "count": 0,
    "updated": 1516484000
  },
  {
    "id": "48aed11f-20b5-4050-b00b-11766745052b",
    "data": [
      {
        "text": "List unread messages",
        "userDefined": false
      }
    ],
    "isTemplate": false,
    "count": 0,
    "updated": 1516484000
  }
]