[
  {
    "id": "e185ec05-d2c6-4010-9e20-084c892129f9",
    "data": [
      {
        "text": "Terminate",
        "userDefined": false
      }
    ],
    "isTemplate": false,
    "count": 0,
    "updated": 1516480393
  },
  {
    "id": "e5df1195-5637-47e9-ad17-068118d1a0eb",
    "data": [
      {
        "text": "Exit",
        "userDefined": false
      }
    ],
    "isTemplate": false,
    "count": 0,
    "updated": 1516480393
  },
  {
    "id": "ac638427-5f4b-4b6d-936a-a209fc831a97",
    "data": [
      {
        "text": "Quit",
        "userDefined": false
      }
    ],
    "isTemplate": false,
    "count": 0,
    "updated": 1516480393
  }
]