[
  {
    "id": "b024abb1-65a5-4ac5-aad5-90e781a77cb8",
    "data": [
      {
        "text": "yeah man",
        "userDefined": false
      }
    ],
    "isTemplate": false,
    "count": 0
  },
  {
    "id": "9beb4ed4-d799-482e-9190-373c2bb84ae3",
    "data": [
      {
        "text": "alright",
        "userDefined": false
      }
    ],
    "isTemplate": false,
    "count": 0
  },
  {
    "id": "3d06626e-d6b5-44bd-ad0f-c6b8278ef9f0",
    "data": [
      {
        "text": "do it",
        "userDefined": false
      }
    ],
    "isTemplate": false,
    "count": 0
  },
  {
    "id": "e833dc3d-cd45-46f2-a3a5-f3b27fc79a74",
    "data": [
      {
        "text": "sure",
        "userDefined": false
      }
    ],
    "isTemplate": false,
    "count": 0
  },
  {
    "id": "b4a293c9-f76e-44f8-9f53-10a9d8c536dd",
    "data": [
      {
        "text": "yes",
        "userDefined": false
      }
    ],
    "isTemplate": false,
    "count": 0
  }
]